,Abstrak
0,kembang sumber daya manusia rangka tingkat produktivitas karyawan pt pos indonesia persero kantor cabang bangkal
2,analisis biaya ada aktiva alternatif leasing hutang jangka pt kereta api indonesia persero
5,pengaruh unsur unsur komunikasi produktivitas kerja pegawai negeri sipil dinas didik kabupaten bangkal
6,pengaruh atribut produk putus beli produk sedap masako studi camat robatal sampang
8,banding pengaruh stock split dividen volume dagang saham usaha go public bei bursa efek indonesia
9,pengaruh iklan online media facebook putus beli pakai studi mahasiswa fakultas ekonomi bisnis universitas trunojoyo madura
10,pengaruh baur pasar putus wisatawan unjung objek pariwisata kawasan kakek
11,pengaruh imbal prestasi kerja puas kerja karyawan pt mitra pinasthika mustika sidoarjo
14,pengaruh faktor stres kerja motivasi kerja kerja karyawan pt petrocentral gresik
16,pengaruh baur promosi putus kunjung wisatawan pantai lombang kabupaten sumenep
17,pengaruh ekuitas merek putus beli handphone blackberry studi mahasiswa universitas trunojoyo madura
19,pengaruh prokrastinasi akademik selesai tulis skripsi mahasiswa semester universitas trunojoyo madura
20,pengaruh baur pasar jasa putus pilih mi nurul huda desa pagar batu camat saronggi
21,analisis beda gera harga saham volume dagang saham bijak pecah saham stock split bursa efek indonesia
24,pengaruh kompensasi kerja karywan pt pos indonesia persero kantor cabang bnagkalan
26,pengaruh puas kerja pindah kerja karyawan rm bebek sinjay jawa timur
27,pengaruh produk harga promosi distribusi putus beli produk kripik singkong muris industris rumah tangga
29,pengaruh kualitas produk merek kemas putus beli oli enduro studi mahasiswa fakultas ekonomi bisnis universitas trunojoyo madura
31,pengaruh budaya perilaku emis anak camat bangkal
34,pengaruh kompensasi puas kerja karyawan putera contractor general supplier bojonegoro
35,pengaruh iklim organisasi produktivitas kerja urus yayasan ta mirul masjid agung kota bangkal
37,analisis tentu preferensi belanja online produk fashion studi mahasiswa fakultas ekonomi universitas trunojoyo madura
38,guna informasi akuntansi pertanggungjawaban bas aktivitas dasar nilai kerja ruang rawat inap vip rumah sakit paru pamekasan
40,pengaruh brand awareness brand image putus beli studi konsumen es krim wall s bangkal
43,pengaruh lingkung keja fisik prestasi kerja karyawan langsung pt adiluhung saranasegara indonesia bangkal
45,analisis inovasi unggul saing tingkat kerja pasar studi optik reza lamongan
49,pengaruh atribut produk putus beli
51,pengaruh putar piutang profabilitas roa usaha industri manufaktur sektor keramik porselen kaca daftar bursa efek indonesia bei
58,pengaruh kualitas layan puas langgan jasa internet speedy studi langgan pt telekomunikasi indonesia tbk camat kota kabupaten pamekasan
59,pengaruh laksana program sehat selamat kerja produktivitas kerja karyawan produksi pt adiluhung saranasegara indonesia kabupaten bangkal
62,banding metode capital asset pricing model capm arbitrage pricing theory apt prediksi tingkat return saham studi usaha otomotif komponen terdaft
65,pengaruh persepsi manfaat persepsi mudah aman sedia fitur minat ulang nasabah bank internet banking studi program layan internet banking bri
69,pengaruh baur pasar marketing mix kerja pasar studi industri batik desa klampar camat proppo kabupaten pamekasan
70,baur pasar putus beli produk tv lg studi fely jaya lg camat pamekasan
71,analisis strategi saing hadap saing koperasi pegawai republik indonesia kpri studi kpri mataram desa pademawu barat camat pademawu kabupaten pamekasan
74,pengaruh atribut produk putus beli minyak goreng sania studi rumah graha kamal permai camat kamal
75,pengaruh komunikasi efektif organisasi produktivitas kerja karyawan
76,lapor biaya kualitas minimal risiko produk cacat tingkat profitabilitas usaha cv kapuas inti sarana surabaya
79,pengaruh perilaku konsumen putus beli makan tradisional kabupaten bangkal studi toko nusa indah bangkal
82,pengaruh bagi kerja delegasi wewenang prestasi kerja kantor pos pamekasan
83,pengaruh iklim organisasi motivasi karyawan pt bank bri cabang bangkal
86,analisis efektivitas strategi promosi hotel kemuning pamekasan kabupaten pamekasan
90,pengaruh strategi promosi putus beli air minum kemas studi siddiq lestari jombang
91,pengaruh debt to total asset ratio current ratio return on asset usaha farmasi daftar bursa efek indonesia
93,pengaruh emotional branding loyalitas konsumen produk garnier men studi mahasiswa manajemen universitas trunojoyo madura
101,guna metode economic order quantity eoq tentu butuh bahan baku efektif pt propindo wira utama
102,pengaruh baur promosi putus pilih prodi strata akuntansi forensik fakultas ekonomi universitas trunojoyo madura
103,pengaruh human relation lingkung kerja non fisik kerja pegawai dinas sehat kabupaten sumenep
105,analisis pengaruh bijak deviden usaha manufaktur daftar bei periode
106,pengaruh earning share net profit margin debt to asset ratio return on equity harga saham usaha otomotif komponen daftar bei periode
107,pengaruh kelola sumber daya manusia komitmen karyawan perum hutan bkph jatirejo mojokerto
111,pengaruh gaya pimpin kinertja kantor camat pegantenan kabupaten pamekasan
113,pengaruh marketing mix putus beli konsumen studi sentra mutiara batik pamekasan
114,pengaruh konflik puas kerja karyawan asuransi jiwa bumiputera cabang pamekasan
115,peran manajemen piutang tertahadap rentabilitas koperasi bas syariah koperasi bas konvensional
116,judul
117,kembang sumber daya manusia rangka tingkat produktivitas karyawan pt pos indonesia persero kantor cabang bangkal
118,pengaruh iklan online media facebook putus beli pakai studi mahasiswa fakultas ekonomi bisnis universitas trunojoyo madura
119,pengaruh atribut produk putus beli produk sedap masako studi camat robatal sampang
120,pengaruh baur pasar putus wisatawan unjung objek pariwisata kawasan kakek
123,pengaruh imbal prestasi kerja puas kerja karyawan pt mitra pinasthika mustika sidoarjo
126,analisis biaya ada aktiva alternatif leasing hutang jangka pt kereta api indonesia persero
128,pengaruh puas kerja pindah kerja karyawan rm bebek sinjay jawa timur
130,pengaruh debt to total asset ratio current ratio return on asset usaha farmasi daftar bursa efek indonesia
132,pengaruh unsur unsur komunikasi produktivitas kerja pegawai negeri sipil dinas didik kabupaten bangkal
134,pengaruh baur promosi putus kunjung wisatawan pantai lombang kabupaten sumenep
135,pengaruh baur pasar jasa putus pilih mi nurul huda desa pagar batu camat saronggi
136,pengaruh faktor stres kerja motivasi kerja kerja karyawan pt petrocentral gresik
137,analisis beda gera harga saham volume dagang saham bijak pecah saham stock split bursa efek indonesia
139,pengaruh prokrastinasi akademik selesai tulis skripsi mahasiswa semester universitas trunojoyo madura
141,pengaruh kompensasi kerja karywan pt pos indonesia persero kantor cabang bnagkalan
144,banding pengaruh stock split dividen volume dagang saham usaha go public bei bursa efek indonesia
145,pengaruh produk harga promosi distribusi putus beli produk kripik singkong muris industris rumah tangga
147,pengaruh kompensasi puas kerja karyawan putera contractor general supplier bojonegoro
148,pengaruh kualitas produk merek kemas putus beli oli enduro studi mahasiswa fakultas ekonomi bisnis universitas trunojoyo madura
149,pengaruh budaya perilaku emis anak camat bangkal
152,pengaruh lingkung keja fisik prestasi kerja karyawan langsung pt adiluhung saranasegara indonesia bangkal
153,pengaruh iklim organisasi produktivitas kerja urus yayasan ta mirul masjid agung kota bangkal
156,pengaruh atribut produk putus beli minyak goreng sania studi rumah graha kamal permai camat kamal
157,pengaruh perilaku konsumen putus beli makan tradisional kabupaten bangkal studi toko nusa indah bangkal
159,guna informasi akuntansi pertanggungjawaban bas aktivitas dasar nilai kerja ruang rawat inap vip rumah sakit paru pamekasan
162,pengaruh brand awareness brand image putus beli studi konsumen es krim wall s bangkal
165,pengaruh laksana program sehat selamat kerja produktivitas kerja karyawan produksi pt adiluhung saranasegara indonesia kabupaten bangkal
168,analisis inovasi unggul saing tingkat kerja pasar studi optik reza lamongan
170,pengaruh atribut produk putus beli
172,pengaruh kualitas layan puas langgan jasa internet speedy studi langgan pt telekomunikasi indonesia tbk camat kota kabupaten pamekasan
174,analisis tentu preferensi belanja online produk fashion studi mahasiswa fakultas ekonomi universitas trunojoyo madura
178,pengaruh putar piutang profabilitas roa usaha industri manufaktur sektor keramik porselen kaca daftar bursa efek indonesia bei
179,pengaruh baur promosi putus pilih prodi strata akuntansi forensik fakultas ekonomi universitas trunojoyo madura
183,banding metode capital asset pricing model capm arbitrage pricing theory apt prediksi tingkat return saham studi usaha otomotif komponen terdaft
185,pengaruh persepsi manfaat persepsi mudah aman sedia fitur minat ulang nasabah bank internet banking studi program layan internet banking bri
186,pengaruh baur pasar marketing mix kerja pasar studi industri batik desa klampar camat proppo kabupaten pamekasan
191,pengaruh komunikasi efektif organisasi produktivitas kerja karyawan
194,lapor biaya kualitas minimal risiko produk cacat tingkat profitabilitas usaha cv kapuas inti sarana surabaya
195,analisis strategi saing hadap saing koperasi pegawai republik indonesia kpri studi kpri mataram desa pademawu barat camat pademawu kabupaten pamekasan
196,baur pasar putus beli produk tv lg studi fely jaya lg camat pamekasan
197,pengaruh marketing mix putus beli konsumen studi sentra mutiara batik pamekasan
201,guna metode economic order quantity eoq tentu butuh bahan baku efektif pt propindo wira utama
202,pengaruh strategi promosi putus beli air minum kemas studi siddiq lestari jombang
205,pengaruh iklim organisasi motivasi karyawan pt bank bri cabang bangkal
207,analisis efektivitas strategi promosi hotel kemuning pamekasan kabupaten pamekasan
209,pengaruh bagi kerja delegasi wewenang prestasi kerja kantor pos pamekasan
211,pengaruh emotional branding loyalitas konsumen produk garnier men studi mahasiswa manajemen universitas trunojoyo madura
212,analisis pengaruh bijak deviden usaha manufaktur daftar bei periode
215,pengaruh konflik puas kerja karyawan asuransi jiwa bumiputera cabang pamekasan
217,peran manajemen piutang tertahadap rentabilitas koperasi bas syariah koperasi bas konvensional
220,pengaruh gaya pimpin kinertja kantor camat pegantenan kabupaten pamekasan
224,pengaruh human relation lingkung kerja non fisik kerja pegawai dinas sehat kabupaten sumenep
225,pengaruh earning share net profit margin debt to asset ratio return on equity harga saham usaha otomotif komponen daftar bei periode
229,pengaruh kelola sumber daya manusia komitmen karyawan perum hutan bkph jatirejo mojokerto
232,pengaruh ekuitas merek putus beli handphone blackberry studi mahasiswa universitas trunojoyo madura
